{
  "run_id": "swe-bench-20260401-080945",
  "timestamp": "2026-04-01T08:15:27.113059",
  "total_instances": 3,
  "passed": 1,
  "failed": 1,
  "errors": 1,
  "pass_rate": 0.3333333333333333,
  "avg_time_seconds": 8.820834954579672,
  "total_tokens": 440,
  "total_cost_usd": 7.04e-05,
  "avg_pdse_score": 0.0,
  "results": [
    {
      "instance_id": "django__django-11477",
      "repo": "django/django",
      "issue_number": 0,
      "problem_statement": "translate_url() creates an incorrect URL when optional named groups are missing in the URL pattern\nDescription\n\t\nThere is a problem when translating urls with absent 'optional' arguments\n(it's seen in...",
      "pass_rate": 1.0,
      "time_seconds": 13.162863969802856,
      "tokens_used": 220,
      "cost_usd": 3.52e-05,
      "pdse_score": 0.0,
      "error": null,
      "logs": "\n\u001b[1mStartup Health Check\u001b[0m\n\u001b[2m\u00e2\u201d\u20ac\u00e2\u201d\u20ac\u00e2\u201d\u20ac\u00e2\u201d\u20ac\u00e2\u201d\u20ac\u00e2\u201d\u20ac\u00e2\u201d\u20ac\u00e2\u201d\u20ac\u00e2\u201d\u20ac\u00e2\u201d\u20ac\u00e2\u201d\u20ac\u00e2\u201d\u20ac\u00e2\u201d\u20ac\u00e2\u201d\u20ac\u00e2\u201d\u20ac\u00e2\u201d\u20ac\u00e2\u201d\u20ac\u00e2\u201d\u20ac\u00e2\u201d\u20ac\u00e2\u201d\u20ac\u00e2\u201d\u20ac\u00e2\u201d\u20ac\u00e2\u201d\u20ac\u00e2\u201d\u20ac\u00e2\u201d\u20ac\u00e2\u201d\u20ac\u00e2\u201d\u20ac\u00e2\u201d\u20ac\u00e2\u201d\u20ac\u00e2\u201d\u20ac\u00e2\u201d\u20ac\u00e2\u201d\u20ac\u00e2\u201d\u20ac\u00e2\u201d\u20ac\u00e2\u201d\u20ac\u00e2\u201d\u20ac\u00e2\u201d\u20ac\u00e2\u201d\u20ac\u00e2\u201d\u20ac\u00e2\u201d\u20ac\u00e2\u201d\u20ac\u00e2\u201d\u20ac\u00e2\u201d\u20ac\u00e2\u201d\u20ac\u00e2\u201d\u20ac\u00e2\u201d\u20ac\u00e2\u201d\u20ac\u00e2\u201d\u20ac\u00e2\u201d\u20ac\u00e2\u201d\u20ac\u00e2\u201d\u20ac\u00e2\u201d\u20ac\u00e2\u201d\u20ac\u00e2\u201d\u20ac\u00e2\u201d\u20ac\u00e2\u201d\u20ac\u00e2\u201d\u20ac\u00e2\u201d\u20ac\u00e2\u201d\u20ac\u00e2\u201d\u20ac\u001b[0m\n  \u001b[32mPASS\u001b[0m  Node.js version          \u001b[2mv24.13.1 (>= 18 required)\u001b[0m\n  \u001b[32mPASS\u001b[0m  .dantecode/ directory    \u001b[2mexists\u001b[0m\n  \u001b[32mPASS\u001b[0m  Provider API keys        \u001b[2m1 provider(s) configured: Grok\u001b[0m\n  \u001b[33mWARN\u001b[0m  DanteForge binary        \u001b[2mDanteForge binary not found. Some features (anti-stub, PDSE, constitution) will be unavailable.\u001b[0m\n\u001b[2m\u00e2\u201d\u20ac\u00e2\u201d\u20ac\u00e2\u201d\u20ac\u00e2\u201d\u20ac\u00e2\u201d\u20ac\u00e2\u201d\u20ac\u00e2\u201d\u20ac\u00e2\u201d\u20ac\u00e2\u201d\u20ac\u00e2\u201d\u20ac\u00e2\u201d\u20ac\u00e2\u201d\u20ac\u00e2\u201d\u20ac\u00e2\u201d\u20ac\u00e2\u201d\u20ac\u00e2\u201d\u20ac\u00e2\u201d\u20ac\u00e2\u201d\u20ac\u00e2\u201d\u20ac\u00e2\u201d\u20ac\u00e2\u201d\u20ac\u00e2\u201d\u20ac\u00e2\u201d\u20ac\u00e2\u201d\u20ac\u00e2\u201d\u20ac\u00e2\u201d\u20ac\u00e2\u201d\u20ac\u00e2\u201d\u20ac\u00e2\u201d\u20ac\u00e2\u201d\u20ac\u00e2\u201d\u20ac\u00e2\u201d\u20ac\u00e2\u201d\u20ac\u00e2\u201d\u20ac\u00e2\u201d\u20ac\u00e2\u201d\u20ac\u00e2\u201d\u20ac\u00e2\u201d\u20ac\u00e2\u201d\u20ac\u00e2\u201d\u20ac\u00e2\u201d\u20ac\u00e2\u201d\u20ac\u00e2\u201d\u20ac\u00e2\u201d\u20ac\u00e2\u201d\u20ac\u00e2\u201d\u20ac\u00e2\u201d\u20ac\u00e2\u201d\u20ac\u00e2\u201d\u20ac\u00e2\u201d\u20ac\u00e2\u201d\u20ac\u00e2\u201d\u20ac\u00e2\u201d\u20ac\u00e2\u201d\u20ac\u00e2\u201d\u20ac\u00e2\u201d\u20ac\u00e2\u201d\u20ac\u00e2\u201d\u20ac\u00e2\u201d\u20ac\u00e2\u201d\u20ac\u001b[0m\n  \u001b[32m\u001b[1mAll checks passed.\u001b[0m\n\n\u001b[2m[context: 0% \u00e2\u20ac\u201d 1K/131K tokens]\u001b[0m\n\u001b[31mError: config is not defined\u001b[0m\n"
    },
    {
      "instance_id": "django__django-11490",
      "repo": "django/django",
      "issue_number": 0,
      "problem_statement": "Composed queries cannot change the list of columns with values()/values_list().\nDescription\n\t\nComposed queries cannot change the list of columns when values()/values_list() is evaluated multiple times...",
      "pass_rate": 0.0,
      "time_seconds": 13.299640893936157,
      "tokens_used": 220,
      "cost_usd": 3.52e-05,
      "pdse_score": 0.0,
      "error": null,
      "logs": "\n\u001b[1mStartup Health Check\u001b[0m\n\u001b[2m\u00e2\u201d\u20ac\u00e2\u201d\u20ac\u00e2\u201d\u20ac\u00e2\u201d\u20ac\u00e2\u201d\u20ac\u00e2\u201d\u20ac\u00e2\u201d\u20ac\u00e2\u201d\u20ac\u00e2\u201d\u20ac\u00e2\u201d\u20ac\u00e2\u201d\u20ac\u00e2\u201d\u20ac\u00e2\u201d\u20ac\u00e2\u201d\u20ac\u00e2\u201d\u20ac\u00e2\u201d\u20ac\u00e2\u201d\u20ac\u00e2\u201d\u20ac\u00e2\u201d\u20ac\u00e2\u201d\u20ac\u00e2\u201d\u20ac\u00e2\u201d\u20ac\u00e2\u201d\u20ac\u00e2\u201d\u20ac\u00e2\u201d\u20ac\u00e2\u201d\u20ac\u00e2\u201d\u20ac\u00e2\u201d\u20ac\u00e2\u201d\u20ac\u00e2\u201d\u20ac\u00e2\u201d\u20ac\u00e2\u201d\u20ac\u00e2\u201d\u20ac\u00e2\u201d\u20ac\u00e2\u201d\u20ac\u00e2\u201d\u20ac\u00e2\u201d\u20ac\u00e2\u201d\u20ac\u00e2\u201d\u20ac\u00e2\u201d\u20ac\u00e2\u201d\u20ac\u00e2\u201d\u20ac\u00e2\u201d\u20ac\u00e2\u201d\u20ac\u00e2\u201d\u20ac\u00e2\u201d\u20ac\u00e2\u201d\u20ac\u00e2\u201d\u20ac\u00e2\u201d\u20ac\u00e2\u201d\u20ac\u00e2\u201d\u20ac\u00e2\u201d\u20ac\u00e2\u201d\u20ac\u00e2\u201d\u20ac\u00e2\u201d\u20ac\u00e2\u201d\u20ac\u00e2\u201d\u20ac\u00e2\u201d\u20ac\u00e2\u201d\u20ac\u00e2\u201d\u20ac\u001b[0m\n  \u001b[32mPASS\u001b[0m  Node.js version          \u001b[2mv24.13.1 (>= 18 required)\u001b[0m\n  \u001b[32mPASS\u001b[0m  .dantecode/ directory    \u001b[2mexists\u001b[0m\n  \u001b[32mPASS\u001b[0m  Provider API keys        \u001b[2m1 provider(s) configured: Grok\u001b[0m\n  \u001b[33mWARN\u001b[0m  DanteForge binary        \u001b[2mDanteForge binary not found. Some features (anti-stub, PDSE, constitution) will be unavailable.\u001b[0m\n\u001b[2m\u00e2\u201d\u20ac\u00e2\u201d\u20ac\u00e2\u201d\u20ac\u00e2\u201d\u20ac\u00e2\u201d\u20ac\u00e2\u201d\u20ac\u00e2\u201d\u20ac\u00e2\u201d\u20ac\u00e2\u201d\u20ac\u00e2\u201d\u20ac\u00e2\u201d\u20ac\u00e2\u201d\u20ac\u00e2\u201d\u20ac\u00e2\u201d\u20ac\u00e2\u201d\u20ac\u00e2\u201d\u20ac\u00e2\u201d\u20ac\u00e2\u201d\u20ac\u00e2\u201d\u20ac\u00e2\u201d\u20ac\u00e2\u201d\u20ac\u00e2\u201d\u20ac\u00e2\u201d\u20ac\u00e2\u201d\u20ac\u00e2\u201d\u20ac\u00e2\u201d\u20ac\u00e2\u201d\u20ac\u00e2\u201d\u20ac\u00e2\u201d\u20ac\u00e2\u201d\u20ac\u00e2\u201d\u20ac\u00e2\u201d\u20ac\u00e2\u201d\u20ac\u00e2\u201d\u20ac\u00e2\u201d\u20ac\u00e2\u201d\u20ac\u00e2\u201d\u20ac\u00e2\u201d\u20ac\u00e2\u201d\u20ac\u00e2\u201d\u20ac\u00e2\u201d\u20ac\u00e2\u201d\u20ac\u00e2\u201d\u20ac\u00e2\u201d\u20ac\u00e2\u201d\u20ac\u00e2\u201d\u20ac\u00e2\u201d\u20ac\u00e2\u201d\u20ac\u00e2\u201d\u20ac\u00e2\u201d\u20ac\u00e2\u201d\u20ac\u00e2\u201d\u20ac\u00e2\u201d\u20ac\u00e2\u201d\u20ac\u00e2\u201d\u20ac\u00e2\u201d\u20ac\u00e2\u201d\u20ac\u00e2\u201d\u20ac\u00e2\u201d\u20ac\u00e2\u201d\u20ac\u001b[0m\n  \u001b[32m\u001b[1mAll checks passed.\u001b[0m\n\n\u001b[2m[context: 0% \u00e2\u20ac\u201d 0K/131K tokens]\u001b[0m\n\u001b[31mError: config is not defined\u001b[0m\n"
    },
    {
      "instance_id": "django__django-11532",
      "repo": "django/django",
      "issue_number": 0,
      "problem_statement": "Email messages crash on non-ASCII domain when email encoding is non-unicode.\nDescription\n\t\nWhen the computer hostname is set in unicode (in my case \"\u6b63\u5b97\"), the following test fails: \u200bhttps://github.com...",
      "pass_rate": 0.0,
      "time_seconds": 0.0,
      "tokens_used": 0,
      "cost_usd": 0.0,
      "pdse_score": null,
      "error": "Failed to apply test patch",
      "logs": ""
    }
  ]
}